{"cameraMode":{"drawMode":0,"name":"Shaded","section":"Shading Mode"},"sceneLighting":true,"audioPlay":false,"sceneViewState":{"m_AlwaysRefresh":false,"showFog":true,"showSkybox":true,"showFlares":true,"showImageEffects":true,"showParticleSystems":true,"showVisualEffectGraphs":true,"m_FxEnabled":true},"in2DMode":false,"pivot":{"x":1.0318100452423096,"y":3.664663314819336,"z":1.903396487236023},"rotation":{"x":-0.0005312905996106565,"y":0.8960687518119812,"z":-0.4439559578895569,"w":-0.0010806965874508024},"size":4.109679222106934,"orthographic":false}